[  
   {  
      "name":"1",
      "email":"Hyperlapse",
      "city":"Description goes here",
      "state":"FREE",
      "country":"Notes go here",
      "dob":"FREE",
      "joining":"Notes go here"
   },
   {  
      "key":"2",
      "appName":"Facebook",
      "description":"Description goes here",
      "price":"FREE",
      "notes":"Notes go here"
   },
   {  
      "key":"3",
      "appName":"Twitter",
      "description":"Description goes here",
      "price":"FREE",
      "notes":"Notes go here"
   },
   {  
      "key":"4",
      "appName":"Foursquare",
      "description":"Description goes here",
      "price":"FREE",
      "notes":"Notes go here"
   },
   {  
      "key":"5",
      "appName":"Angry Birds",
      "description":"Description goes here",
      "price":"FREE",
      "notes":"Notes go here"
   }
]