[
  {
    "group": "a",
    "users": [
      {
        "img": "assets/img/profiles/1.jpg",
        "img2x": "assets/img/profiles/1x.jpg",
        "username": "ava flores",
        "lastMessage": "Hello there"
      }
    ]
  },
  {
    "group": "b",
    "users": [
      {
        "img": "assets/img/profiles/2.jpg",
        "img2x": "assets/img/profiles/2x.jpg",
        "username": "bella mccoy",
        "lastMessage": "Hello there"
      },
      {
        "img": "assets/img/profiles/3.jpg",
        "img2x": "assets/img/profiles/3x.jpg",
        "username": "bob stephens",
        "lastMessage": "Hello there"
      }
    ]
  },
  {
    "group": "c",
    "users": [
      {
        "img": "assets/img/profiles/4.jpg",
        "img2x": "assets/img/profiles/4x.jpg",
        "username": "carole roberts",
        "lastMessage": "Hello there"
      },
      {
        "img": "assets/img/profiles/5.jpg",
        "img2x": "assets/img/profiles/5x.jpg",
        "username": "christopher perez",
        "lastMessage": "Hello there"
      }
    ]
  },
  {
    "group": "d",
    "users": [
      {
        "img": "assets/img/profiles/6.jpg",
        "img2x": "assets/img/profiles/6x.jpg",
        "username": "danielle fletcher",
        "lastMessage": "Hello there"
      },
      {
        "img": "assets/img/profiles/7.jpg",
        "img2x": "assets/img/profiles/7x.jpg",
        "username": "david sutton",
        "lastMessage": "Hello there"
      }
    ]
  },
  {
    "group": "e",
    "users": [
      {
        "img": "assets/img/profiles/8.jpg",
        "img2x": "assets/img/profiles/8x.jpg",
        "username": "earl hamilton",
        "lastMessage": "Hello there"
      },
      {
        "img": "assets/img/profiles/9.jpg",
        "img2x": "assets/img/profiles/9x.jpg",
        "username": "elaine lawrence",
        "lastMessage": "Hello there"
      },
      {
        "img": "assets/img/profiles/1.jpg",
        "img2x": "assets/img/profiles/1x.jpg",
        "username": "ellen grant",
        "lastMessage": "Hello there"
      },
      {
        "img": "assets/img/profiles/2.jpg",
        "img2x": "assets/img/profiles/2x.jpg",
        "username": "erik taylor",
        "lastMessage": "Hello there"
      },
      {
        "img": "assets/img/profiles/3.jpg",
        "img2x": "assets/img/profiles/3x.jpg",
        "username": "everett wagner",
        "lastMessage": "Hello there"
      }
    ]
  },
  {
    "group": "f",
    "users": [
      {
        "img": "assets/img/profiles/4.jpg",
        "img2x": "assets/img/profiles/4x.jpg",
        "username": "freddie gomez",
        "lastMessage": "Hello there"
      }
    ]
  },
  {
    "group": "g",
    "users": [
      {
        "img": "assets/img/profiles/5.jpg",
        "img2x": "assets/img/profiles/5x.jpg",
        "username": "glen jensen",
        "lastMessage": "Hello there"
      },
      {
        "img": "assets/img/profiles/6.jpg",
        "img2x": "assets/img/profiles/6x.jpg",
        "username": "gwendolyn walker",
        "lastMessage": "Hello there"
      }
    ]
  },
  {
    "group": "j",
    "users": [
      {
        "img": "assets/img/profiles/7.jpg",
        "img2x": "assets/img/profiles/7x.jpg",
        "username": "janet romero",
        "lastMessage": "Hello there"
      }
    ]
  },
  {
    "group": "k",
    "users": [
      {
        "img": "assets/img/profiles/8.jpg",
        "img2x": "assets/img/profiles/8x.jpg",
        "username": "kim martinez",
        "lastMessage": "Hello there"
      }
    ]
  },
  {
    "group": "l",
    "users": [
      {
        "img": "assets/img/profiles/9.jpg",
        "img2x": "assets/img/profiles/9x.jpg",
        "username": "lawrence white",
        "lastMessage": "Hello there"
      },
      {
        "img": "assets/img/profiles/1.jpg",
        "img2x": "assets/img/profiles/1x.jpg",
        "username": "leroy bell",
        "lastMessage": "Hello there"
      },
      {
        "img": "assets/img/profiles/2.jpg",
        "img2x": "assets/img/profiles/2x.jpg",
        "username": "letitia carr",
        "lastMessage": "Hello there"
      },
      {
        "img": "assets/img/profiles/3.jpg",
        "img2x": "assets/img/profiles/3x.jpg",
        "username": "lucy castro",
        "lastMessage": "Hello there"
      }
    ]
  },
  {
    "group": "m",
    "users": [
      {
        "img": "assets/img/profiles/4.jpg",
        "img2x": "assets/img/profiles/4x.jpg",
        "username": "mae hayes",
        "lastMessage": "Hello there"
      },
      {
        "img": "assets/img/profiles/5.jpg",
        "img2x": "assets/img/profiles/5x.jpg",
        "username": "marilyn owens",
        "lastMessage": "Hello there"
      },
      {
        "img": "assets/img/profiles/6.jpg",
        "img2x": "assets/img/profiles/6x.jpg",
        "username": "marlene cole",
        "lastMessage": "Hello there"
      },
      {
        "img": "assets/img/profiles/7.jpg",
        "img2x": "assets/img/profiles/7x.jpg",
        "username": "marsha warren",
        "lastMessage": "Hello there"
      },
      {
        "img": "assets/img/profiles/8.jpg",
        "img2x": "assets/img/profiles/8x.jpg",
        "username": "marsha dean",
        "lastMessage": "Hello there"
      },
      {
        "img": "assets/img/profiles/9.jpg",
        "img2x": "assets/img/profiles/9x.jpg",
        "username": "mia diaz",
        "lastMessage": "Hello there"
      }
    ]
  },
  {
    "group": "n",
    "users": [
      {
        "img": "assets/img/profiles/1.jpg",
        "img2x": "assets/img/profiles/1x.jpg",
        "username": "noah elliott",
        "lastMessage": "Hello there"
      }
    ]
  },
  {
    "group": "p",
    "users": [
      {
        "img": "assets/img/profiles/2.jpg",
        "img2x": "assets/img/profiles/2x.jpg",
        "username": "phyllis hamilton",
        "lastMessage": "Hello there"
      }
    ]
  },
  {
    "group": "r",
    "users": [
      {
        "img": "assets/img/profiles/3.jpg",
        "img2x": "assets/img/profiles/3x.jpg",
        "username": "raul rodriquez",
        "lastMessage": "Hello there"
      },
      {
        "img": "assets/img/profiles/4.jpg",
        "img2x": "assets/img/profiles/4x.jpg",
        "username": "rhonda barnett",
        "lastMessage": "Hello there"
      },
      {
        "img": "assets/img/profiles/5.jpg",
        "img2x": "assets/img/profiles/5x.jpg",
        "username": "roberta king",
        "lastMessage": "Hello there"
      }
    ]
  },
  {
    "group": "s",
    "users": [
      {
        "img": "assets/img/profiles/6.jpg",
        "img2x": "assets/img/profiles/6x.jpg",
        "username": "scott armstrong",
        "lastMessage": "Hello there"
      },
      {
        "img": "assets/img/profiles/7.jpg",
        "img2x": "assets/img/profiles/7x.jpg",
        "username": "sebastian austin",
        "lastMessage": "Hello there"
      },
      {
        "img": "assets/img/profiles/8.jpg",
        "img2x": "assets/img/profiles/8x.jpg",
        "username": "sofia davis",
        "lastMessage": "Hello there"
      }
    ]
  },
  {
    "group": "t",
    "users": [
      {
        "img": "assets/img/profiles/9.jpg",
        "img2x": "assets/img/profiles/9x.jpg",
        "username": "terrance young",
        "lastMessage": "Hello there"
      },
      {
        "img": "assets/img/profiles/1.jpg",
        "img2x": "assets/img/profiles/1x.jpg",
        "username": "theodore woods",
        "lastMessage": "Hello there"
      },
      {
        "img": "assets/img/profiles/2.jpg",
        "img2x": "assets/img/profiles/2x.jpg",
        "username": "todd wood",
        "lastMessage": "Hello there"
      },
      {
        "img": "assets/img/profiles/3.jpg",
        "img2x": "assets/img/profiles/3x.jpg",
        "username": "tommy jenkins",
        "lastMessage": "Hello there"
      }
    ]
  },
  {
    "group": "w",
    "users": [
      {
        "img": "assets/img/profiles/4.jpg",
        "img2x": "assets/img/profiles/4x.jpg",
        "username": "wilma hicks",
        "lastMessage": "Hello there"
      }
    ]
  }
]